﻿ContactID;ReferenceID;ContactType;Name;Email;Lupd_Timestamp
39;DGCSIEBEN;Verein;Markus Scheid;markus@dgc-siebengebirge.de;2009-11-14 17:58:24.167
40;DGCSIEBEN;Verein;Lucian Haas;lucian@dgc-siebengebirge.de;2009-11-14 17:58:24.177
41;16;Verein;Marcus Ruhnow;Marcus@Deltaclub.de;2009-11-14 17:58:59.690
54;10;Verein;Friedhelm Merz;vorstand1@dgcn.de;2009-11-14 18:03:41.777
55;10;Verein;Manfred Mielke;vorstand2@dgcn.de;2009-11-14 18:03:41.793
58;14;Verein;Edmund Plag;edmundplag@web.de;2009-11-14 18:04:18.500
59;15;Verein;Claus Vischer;claus@flugsport.de;2009-11-14 18:04:58.833
66;EIFEL_THERMIK;Verein;Verein;paragliding@esmnet.de;2009-11-16 13:55:00.983
88;FIREBIRD;Hersteller;Info;info@flyfirebird.com;2009-11-24 11:21:01.963
89;MOYES;Hersteller;Info;info@skyline-flightgear.de;2009-11-24 11:23:00.370
90;PRODESIGN;Hersteller;Office;office@pro-design.at;2009-11-24 11:23:44.290
91;SEEDWINGS;Hersteller;Seedwings;seedwings@tirol.com;2009-11-24 11:25:01.907
97;TURNPOINT;Hersteller;Info;Info@turnpoint.de;2009-11-24 11:32:27.287
100;WINDTECH;Hersteller;Toni;windtech-toni@t-online.de;2009-11-24 11:36:02.410
128;APCO;Hersteller;Stefan;stefan.stautner@web.de;2009-12-31 18:01:10.570
215;9;Verein;Frank Daum;fsdaum@web.de;2011-01-02 11:24:13.757
267;FSMITTELRHEIN;Hersteller;Klaus Killian;info@skys-shop.de;2011-01-09 16:11:12.570
295;5;Verein;Ernst Heuser;ernst.heuser@t-online.de;2011-01-18 19:55:07.600
296;5;Verein;Jörg Diemann;joerg.diemann@t-online.de;2011-01-18 19:55:07.613
297;5;Verein;Winfried Noll;winfriednoll@gmx.de;2011-01-18 19:55:07.630
315;LINDENFELS;Verein;Reinhard Arnold;arnold.r@ar-architekten.de;2011-01-23 14:38:02.647
316;LINDENFELS;Verein;Rene Gensert;rene@gleitsegel-fliegen.de;2011-01-23 14:38:02.663
317;LINDENFELS;Verein;Verein;verein@gleitschirmflieger-lindenfels.de;2011-01-23 14:38:02.680
370;WW2011;Verein;Mario Schaeffer;minigalopper@gmx.de;2011-05-15 16:58:27.293
376;11;Verein;Jan Ginsberg;b.ginsberg@gmx.de;2011-12-15 21:55:54.540
377;11;Verein;Tobias Gross;tobgros@aol.com;2011-12-15 21:55:54.560
412;PARASHOP;Hersteller;Pier;pier@parashop.at;2012-01-11 18:36:33.693
425;ODC;Verein;Carlo Balser;2.vorsitzender@ersterodc.de;2012-01-23 22:28:07.553
426;ODC;Verein;Patrick Jung;sport-referent@ersterodc.de;2012-01-23 22:28:07.617
427;ODC;Verein;Rene Gensert;1.vorsitzender@ersterodc.de;2012-01-23 22:28:07.647
428;AIRWAVE;Hersteller;Sales;sales@airwave-gliders.com;2012-01-27 18:25:35.637
436;NIEDERRHEI;Verein;Christian Ida;christian.ida@cityweb.de;2012-01-29 00:37:10.550
437;NIEDERRHEI;Verein;Dr. Theo Schürholz;dr.theo@web.de;2012-01-29 00:37:10.593
527;LINKINGWINGS;Hersteller;Dirk Soboll;dirk@linkingwings.de;2013-05-16 21:45:59.657
4656;BAUTEK;Hersteller;Info;info@bautek.com;2016-01-27 22:55:13.170
4682;BASISREBELL;Hersteller;Katja Abrams;info@basisrebell.com;2016-01-29 15:45:47.807
4690;CHARLY;Hersteller;Info;info@charly-produkte.de;2016-01-29 15:52:33.767
4743;PARASAAR;Verein;Paraski Vorstand;vorstand@paraski.de;2016-03-12 19:29:56.210
4761;AIRWALKER;Verein;Frank Velten;frank.velten@airwalker-ev.de;2017-01-25 18:45:53.623
4762;AIRWALKER;Verein;Reinhold Schöttler;reinhold.schoettler@airwalker-ev.de;2017-01-25 18:45:53.670
4763;AIRWALKER;Verein;Uwe Strauch;uwe.strauch@airwalker-ev.de;2017-01-25 18:45:53.703
4819;FUN_GLIDERS_WW;Verein;Klaus-Wilhelm Hassel;FGWmail@gmx.de;2017-02-27 19:35:12.150
4820;FUN_GLIDERS_WW;Verein;Wolfgang Jahn;jahn.wo@freenet.de;2017-02-27 19:35:12.183
4843;DFC SAAR;Verein;Steinbach Ralf;r.steinbach@drachenflugclub-saar.de;2018-01-09 21:12:01.907
4862;GFSTAUBERT;Verein;Jens Jurgan;Jens@gleitschirmfreunde-taubertal.de;2018-01-19 11:43:31.957
4863;KREUZBERGFLIEGER;Verein;Kreuzbergflieger;info@kreuzbergflieger.de;2018-01-19 11:43:50.100
4869;SKYTEAM;Verein;Andreas Damek;Andreas.Damek@skyteam-neuss.de;2018-01-19 11:45:42.520
4870;SKYTEAM;Verein;Michael Lichi;Michael.Lichi@skyteam-neuss.de;2018-01-19 11:45:42.583
4879;PLACETOFLY;Hersteller;Heike & Marcus Ruhnow;heiketorstenson@googlemail.com;2018-01-21 14:34:16.617
4908;Kraichtal;Verein;Christian Rokos;christian.rokos@gmx.de;2018-02-15 08:08:36.410
4913;AUFWIND;Verein;Christian Rokos;christian@aufwindbrettachtal.de;2018-02-17 12:09:56.970
4922;ALBATROS;Verein;Heinz Droste;heinz.droste@t-online.de;2018-03-03 09:45:26.667
4923;ALBATROS;Verein;Stefan Flick;flick.luzius@gmx.net;2018-03-03 09:45:26.690
4946;Laible;Hersteller;MArtin Laible;thermik777@yahoo.de;2018-11-05 18:13:28.267
5970;39;Verein;"Bürgstadter Str. 17, 63897 Miltenberg;";rudolf.heissig@online.de;2019-01-23 16:48:40.467
5971;39;Verein;Rudolf Heissig;rudolf.heissig@online.de;2019-01-23 16:48:40.497
6002;LIVING_SKY;Hersteller;Tim-Patrick Meyer;tim@living-sky.de;2019-01-23 19:15:18.007
6005;SKYTRAXX;Hersteller;Juergen;info@skytraxx.eu;2019-01-23 19:20:58.077
6008;THERMIK;Hersteller;Elisabeth;anzeigen@thermik.at;2019-01-23 19:24:49.223
6009;THERMIK;Hersteller;Norbert;herausgeber@thermik.at;2019-01-23 19:24:49.247
6010;TRIPLE SEVEN;Hersteller;Tim Patrick Meyer;tim@living-sky.de;2019-01-23 19:25:56.037
6012;1;Verein;DFC-Saar Vorstand;vorstand@drachenflugclub-saar.de;2019-01-23 20:08:44.407
6016;BRAUNIGER;Hersteller;Fyltec Info;info@flytec.de;2019-01-23 21:10:40.450
6030;4;Verein;Holger Tupath;Holger@tupath.de;2019-02-02 14:44:52.730
6031;4;Verein;Peter W. Körner;pwk.koerner@t-online.de;2019-02-02 14:44:52.753
7038;ICARO;Hersteller;Office;office@fly-more.com;2019-02-12 15:53:21.450
7053;FREUND;Hersteller;Wolfgang Freund;wfreund@fahrradfreund.com;2020-01-08 07:50:15.923
7064;AIRCROSS;Hersteller;Aircross;info@kontest.eu;2020-01-08 08:11:31.993
7065;AIRCROSS;Hersteller;Kontest;info@aircross.eu;2020-01-08 08:11:32.040
7078;AIRCOTEC;Hersteller;Office;office@aircotec.com;2020-01-09 14:42:05.520
7109;BERGSTRAESSLER;Verein;Florian Sies;f.sies@gmx.de;2020-01-27 21:25:37.890
7110;BERGSTRAESSLER;Verein;Georg Rombach;georg.rombach@gkm.de;2020-01-27 21:25:37.940
7111;BERGSTRAESSLER;Verein;Peter Wahl;mini@peterwahl.info;2020-01-27 21:25:37.953
7112;BERGSTRAESSLER;Verein;Peter Winter;p.winter42@gmx.de;2020-01-27 21:25:37.970
7113;BERGSTRAESSLER;Verein;Zdzislaw (Toni) Stankiewicz;z.stankiewicz@hs-mannheim.de;2020-01-27 21:25:37.987
7132;KURPFAELZ;Verein;Friedbert Kaiser;info@kurpfaelzer-gleitschirmflieger.de;2021-01-15 15:49:42.677
7133;KURPFAELZ;Verein;Uwe Hein	;uwe.hein@t-online.de;2021-01-15 15:49:42.690
7134;KURPFAELZ;Verein;Volker Watzel;duplexair@freenet.de;2021-01-15 15:49:42.723
7135;GVNAHEGLAN;Verein;Fritz Altrichter;frialtrichter@freenet.de;2021-01-15 15:50:19.007
7136;GVNAHEGLAN;Verein;Martin Langen;martinlangen@web.de;2021-01-15 15:50:19.020
7137;3;Verein;Axel Kalenborn;kalenborn@t-online.de;2021-01-15 15:52:21.857
7138;3;Verein;Klaus Hagen;Klaus_Hagen@freenet.de;2021-01-15 15:52:21.887
7139;3;Verein;Wolf Löhr;moselfalken@online.de;2021-01-15 15:52:21.903
7140;ASS;Verein;Dirk Weiss;dirk-weiss@gmx.de;2021-01-15 17:10:53.803
7141;2;Verein;DFC-Trier Vorstand;vorstand@dfc-trier.com;2021-01-19 09:13:16.623
7142;7;Verein;Frank Herr;frank.herr@thermik4u.de;2021-01-19 09:13:46.387
7143;7;Verein;Horst Gresch;horst.gresch@thermik4u.de;2021-01-19 09:13:46.420
7144;7;Verein;Reiner Ehrhardt;reiner.ehrhardt@thermik4u.de;2021-01-19 09:13:46.467
7145;30;Verein;R.Stemminger;r.stemminger@gmx.de;2021-01-20 10:33:44.680
7146;30;Verein;Thorsten Braun;tb@thorstenbraun.de;2021-01-20 10:33:44.727
7147;PGSC;Verein;Eike Mittelbach;vorsitz1@pfaelzergleitschirmclub.info;2021-01-23 14:00:14.750
7148;PGSC;Verein;Volkart Meier;vorsitz2@pfaelzergleitschirmclub.info;2021-01-23 14:00:14.767
7149;SAUERLANDAIR;Verein;Burkhard Schulte;burkhard@sauerlandair.de;2021-01-26 19:13:49.063
7150;SAUERLANDAIR;Verein;Markus Hanses;Macke@sauerlandair.de;2021-01-26 19:13:49.080
7151;BAUMPFLEGE_STINGL;Hersteller;Jochen Stingl;stingl@baumpflege-stingl.de;2021-01-29 21:28:05.540
7152;ADVANCE;Hersteller;Info;info@advance.ch;2021-01-31 10:30:06.173
7153;AIRTOUCH;Hersteller;Jochen Henrichs;fly@air-touch.de;2021-01-31 10:31:04.177
7154;WOLKE 9;Hersteller;Wolke9;info@wolke9.info;2021-01-31 10:33:05.073
7155;FS_HIERONDELLE;Hersteller;Info;info@fs-hirondelle.de;2021-01-31 10:34:01.860
7156;AIRDESIGN;Hersteller;Martin;martin@ad-gliders.com;2021-01-31 12:19:51.820
7157;ELSENBACH_DESIGN;Hersteller;Nicole Elsenbach;mail@elsenbach-design.de;2021-01-31 12:20:53.587
7158;FLY GLEITZEIT;Hersteller;Rob Ruland;rob@fly-a-glider.de;2021-01-31 12:22:12.403
7159;INDEPENDENCE;Hersteller;Info;info@independence-world.com;2021-01-31 12:23:56.520
7160;MC;Hersteller;Wolfgang Maier;action@maier-components.de;2021-01-31 12:24:36.803
7161;OZONE;Hersteller;KK;kk@flyozone.com;2021-01-31 12:26:12.290
7162;SKYWALK;Hersteller;Info;info@skywalk.org;2021-01-31 12:28:00.580
7163;SWING;Hersteller;Info;info@swing.de;2021-01-31 12:29:59.913
7164;SWING;Hersteller;Keim, Hans;hans.keim@swing.de;2021-01-31 12:29:59.943
7165;UP;Hersteller;Info;info@up-paragliders.com;2021-01-31 12:30:51.637
7166;PHI;Hersteller;Hannes Papech;Info@phi-air.com;2021-01-31 12:33:05.283
7167;GLEITZEIT;Verein;Dieter Dwideit;d.dowideit@gmx.de;2021-02-02 09:18:33.823
7168;GLEITZEIT;Verein;Peter Jasulke;p.jesulke@googlemail.com;2021-02-02 09:18:33.853
7169;PC_WERRATAL_ESCHWEGE_EICHSFELD;Verein;Andi;ikarus.ae@arcor.de;2021-02-02 09:19:20.513
7170;GCNECKAROD;Verein;Ralf Stecher;Ralf.Stecher@o2online.de;2021-02-03 04:47:42.807
7171;GCNECKAROD;Verein;Verein;info@para-now.de;2021-02-03 04:47:42.820
7172;12;Verein;Südpfälzer;juergen.weckenmann@aquaconcept.de;2021-02-03 16:10:16.200
7173;12;Verein;Verein;kontakt@duddefliecher.de;2021-02-03 16:10:16.217
7174;12;Verein;Wolfgang Reuter;Wolfgang-Reuter@t-online.de;2021-02-03 16:10:16.233
7175;6;Verein;Thomas Gerlach;it-leitung@web.de;2021-02-07 13:31:26.293
7176;OUREWALLER;Verein;Bernhard Kempe;bernhard.kempe@edi-son-et.de;2021-02-10 08:50:52.180
7177;OUREWALLER;Verein;Georg Schumacher;gs@ib-schumacher.de;2021-02-10 08:50:52.213
7178;8;Verein;Georg Becker;georg.becker@ostwindfreunde.de;2021-02-11 12:47:04.847
7179;8;Verein;H P Opitz;hans-peter.opitz@ostwindfreunde.de;2021-02-11 12:47:04.863
7180;8;Verein;Jürgen Bienhüls;juergen@ostwindfreunde.de;2021-02-11 12:47:04.877
7181;CUMULUX;Verein;Nick;hnick@pt.lu;2021-02-14 23:05:25.570
7182;RDG_POPPENHAUSEN;Verein;Remy Ochmann;nukimoto@yahoo.de;2021-02-17 08:39:24.570
7183;AERO_CLUB_ALTENA;Verein;Manuel Moreno;M_Moreno@gmx.de;2021-02-17 21:28:27.117
