﻿VereinID;VereinName;URL_Verein_Homepage;Logo_small;Logo_large;Lupd_Timestamp
1;Drachenflugclub Saar;http://www.dfc-saar.de;small/dfcsaar.png;large/dfcsaar.png;2019-01-23 20:08:44.383
2;Drachenflieger-Club Trier;http://www.dfc-trier.com;small/dfctrier.png;large/dfctrier.png;2021-01-19 09:13:16.530
3;Die Moselfalken;http://www.moselfalken.de;small/moselfalken.png;large/moselfalken.png;2021-01-15 15:52:21.823
4;1. Pfälzer DGFC;http://www.pdgfc.de;small/ersterpfaelzer.png;large/ersterpfaelzer.png;2019-02-02 14:44:52.633
5;Gleitschirmfreunde Hochwald;http://www.gleitschirminfo.de;small/gfhochwald.gif;large/gfhochwald.gif;2011-01-18 19:55:07.550
6;DFC Vulkaneifel;http://www.dfc-vulkaneifel.de;small/vulkaneifel.gif;large/vulkaneifel.gif;2021-02-07 13:31:26.247
7;D.G.F. Rhein-Mosel-Lahn;http://www.thermik4u.de;small/rheinmosellahn.jpg;large/rheinmosellahn.jpg;2021-01-19 09:13:46.373
8;Ostwindfreunde e.V.;http://www.ostwindfreunde.de;small/ostwind.png;large/ostwind.png;2021-02-11 12:47:04.737
9;Nix wie Nuff Offenbach;;;;2011-01-02 11:24:13.750
10;DGC Nahetal;http://www.dgcn.de;small/dgcnahetal.png;large/dgcnahetal.png;2009-12-09 23:17:12.510
11;DGF Hellertal;http://www.dgfhellertal.de;small/dgfhellertal.png;large/dgfhellertal.png;2011-12-15 21:55:54.270
12;Südpfälzer GFC;http://www.duddefliecher.de;small/duddefliecher.png;large/duddefliecher.png;2021-02-03 16:10:16.123
14;Fliegertreff Roßbach/Wied;http://www.fliegertreff-rossbach.de;;;2009-12-09 23:17:12.510
15;FS Siegen Pilotenclub;http://www.flugsport.de;;;2009-12-09 23:17:12.510
PARASAAR;1. Para-Ski-Club Saar e.V.;http://www.paraski.de/;small/paraskiclubsaar.png;large/paraskiclubsaar.png;2016-03-12 19:29:56.087
DGCSIEBEN;DGC Siebengebirge;http://www.dgc-siebengebirge.com;small/dgcsiebengebirge.png;large/dgcsiebengebirge.png;2009-12-09 23:17:12.510
30;DGLC Frankfurt-Rhein-Main;http://dglc-rhein-main.de/;small/DGLC_FrankfurtRheinMain.png;large/DGLC_FrankfurtRheinMain.png;2021-01-20 10:33:44.617
ODC;1. Odenwälder DGC;http://www.ersterodc.de;small/ersterodc.png;large/ersterodc.png;2012-01-23 22:28:07.230
GVNAHEGLAN;Gleitschirmverein Nahe Glan;http://www.gleitschirmverein-nahe-glan.de;small/naheglan.png;large/naheglan.png;2021-01-15 15:50:18.973
KURPFAELZ;Kurpfälzer Gleitschirmflieger;http://www.kurpfaelzer-gleitschirmflieger.de;small/kurpfaelzer.png;large/kurpfaelzer.png;2021-01-15 15:49:42.550
GCNECKAROD;GSC Neckar-Odenwald;http://www.para-now.de;small/gcneckarodenwald.png;large/gcneckarodenwald.png;2021-02-03 04:47:42.710
NIEDERRHEI;Fliegerfreunde Niederrhein;http://www.fliegerfreunde-niederrhein.de;small/ffniederrhein.png;large/ffniederrhein.png;2012-01-29 00:37:10.423
16;Delta-Club Rheinland;http://deltaclub.de/;small/deltaclubrheinland.jpg;large/deltaclubrheinland.jpg;2009-12-09 23:17:12.510
PGSC;Pfälzer Gleitschirmclub;http://www.pfaelzergleitschirmclub.info;small/pgsc.png;large/pgsc.png;2021-01-23 14:00:14.657
LINDENFELS;Gleitschirmflieger Lindenfels;http://www.gleitschirmflieger-lindenfels.de/;small/GSFLindenfels_S.png;large/GSFLindenfels_L.png;2011-01-23 14:38:02.630
GLEITZEIT;Gleitzeit e.V.;http://www.gleitzeit-ev.de;small/Gleitzeit.png;large/Gleitzeit.png;2021-02-02 09:18:33.743
OUREWALLER;Ourewäller Iwwefliejer;http://www.oif.de;small\ourewälleriwwefliejer_s.jpg;large\ourewälleriwwefliejer.jpg;2021-02-10 08:50:52.120
EIFEL_THERMIK;Winden Club Eifelthermik;;;;2009-12-09 23:17:12.510
SAUERLANDAIR;SauerlandAir e.V.;http://www.sauerlandair.de/;small/sauerlandair.png;large/sauerlandair.png;2021-01-26 19:13:48.970
GFSTAUBERT;Gleitschirmfreunde Taubertal e.V.;http://www.gleitschirmfreunde-taubertal.de;small\gsftaubertal_s.gif;large\gsftaubertal_l.gif;2018-01-19 11:43:31.933
WW2011;Naturfreunde und Freiflieger Großer Kopf Westerwald e.V;http://www.freiflieger-arzbach.de;small/ffArzbach.png;large/ffArzbach.png;2011-05-15 16:58:27.270
SKYTEAM;Skyteam-Neuss;http://www.skyteam-neuss.de/;small/SkyTeamNeuss_small.png;large/SkyTeamNeuss_large.png;2018-01-19 11:45:42.457
BERGSTRAESSLER;Bergsträßler Drachen und Gleitschirmflieger;http://www.bergstraessler-drachenflieger.de;small/Bergstraessler.png;large/Bergstraessler.png;2020-01-27 21:25:37.877
AIRWALKER;Airwalker e.V.;http://www.airwalker-ev.de;small/airwalker.png;large/airwalker.png;2017-01-25 18:45:53.603
KREUZBERGFLIEGER;Gleitschirm-Club Kreuzberg Rhön e. V.;http://www.kreuzbergflieger.de;small/kreuzbergflieger.png;large/kreuzbergflieger.png;2018-01-19 11:43:50.087
FUN_GLIDERS_WW;Fun-Gliders-Westerwald e.V.;http://www.fun-gliders-westerwald.de;small/funglidersww.png;large/funglidersww.png;2017-02-27 19:35:12.047
PC_WERRATAL_ESCHWEGE_EICHSFELD;PC Werratal-Eschwege-Eichsfeld e.V.;;small/pc_werratal.png;large/pc_werratal.png;2021-02-02 09:19:20.497
RDG_POPPENHAUSEN;RDG Poppenhausen e.V.;http://www.rdg-ev.de;small/rdg_poppenhausen.png;large/rdg_poppenhausen.png;2021-02-17 08:39:24.537
39;Lilienthalgleiter Unterfranken,;http://www.lilienthal-gleiter.de/;;;2019-01-23 16:48:40.447
HIMMELSSTUERMER_LAHN;Himmelsstürmer Lahn e.V.;http://www.himmelsstuermerlahn.de;;;2017-05-28 22:14:12.620
ASS;Asslarer Gleitschirmflieger;http://www.asslarergleitschirmflieger.de;small/asslarer_gs.png;large/asslarer_gs.png;2021-01-15 17:10:53.773
MOSBACH;Delta Club Mosbach e.V.;http://www.deltaclub-mosbach.de;;;2017-05-28 22:46:52.793
DFC SAAR;DFC Saar;http://www.dfc-saar.de/index.php/verein/vorstand;;;2018-01-09 21:12:01.890
KRAICHTAL;Gleitschirmclub Kraichtal e.V.;https://www.gleitschirmclub-kraichtal.de;;;2018-02-15 08:08:35.660
AUFWIND;Aufwind Brettachtal e.V.;http://aufwindbrettachtal.de;small/aufwind_brettachtal_small.png;large/aufwind_brettachtal_large.png;2018-02-17 12:09:56.960
AERO_CLUB_ALTENA;Aero-Club Altena;http://www.air-hegenscheid.de;small/aero_altena_small.png;large/aero_altena_large.png;2021-02-17 21:28:27.070
CUMULUX;Cumulux Paragliding Club;http://cumulux.lu;small/cumulux.png;large/cumulux.png;2021-02-14 23:05:25.507
ALBATROS;Albatros GSC Aschaffenburg;www.albatros-gsc.de/;small/gsc_albatros_small.png;large/gsc_albatros_large.png;2018-03-03 09:45:26.597
