﻿HerstellerID;Beschreibung;Website;Logo_small;Logo_large;Logo_main;ContactAddress;ContactEmail;ContactPhone;ContactCellphone;ContactFax;Typ
ADVANCE;Advance;http://www.advance.ch;advance_F.gif;advance_S.gif;main/Logoadvance.gif;ADVANCE Thun AG
Seestrasse 14
CH-3602 Thun;info@advance.ch;+41 33 225 70 10;;+41 33 225 70 11;MANUFACTURER
AEROS;Aeros;http://www.aeros.com.ua;aeros_F.gif;aeros.gif;;;;;;;MANUFACTURER
AIR;A-I-R;http://www.a-i-r.de;air_small.png;air_medium.png;air_large.png;Firma A-I-R
Aeronautic Innovation Rühle & Co GmbH
Sesselbahnstr. 8
87642 Halblech/Buching;info@a-i-r.de;+49 8368 914 88 48;;+49 8368 914 88 49;MANUFACTURER
AIRBORNE;Airborne;http://www.airborne.com.au;airborne.gif;airborne.gif;;;;;;;MANUFACTURER
AIRCOTEC;Aircotec flight intruments;http://www.aircotec.com/;;aircotec_S.gif;main/aircotec_H.gif;Alteggerstraße 8  
A-8083 St. Stefan i.R. Austria;office@aircotec.com;+43 3116 81018-11;;;OTHER
AIRCROSS;Aircross;http://www.aircross.eu;Aircross_S.png;Aircross_M.png;Aircross_L.png;Aircross
Gut Grauhof 1
38644 Goslar;info@aircross.eu, info@kontest.eu;+49 5321 3175239;+49 179 5406769;;MANUFACTURER
AIRDESIGN;Air Design Gliders;https://www.ad-gliders.com;airdesign_paragliders_small_2018.png;airdesign_paragliders_medium_2018.png;airdesign_paragliders_large_2018.png;AIRDESIGN GmbH
Rhombergstraße 9, 4. Stock
6067 Absam
Innsbruck
Austria;info@ad-gliders.com, martin@ad-gliders.com;+43 (0) 5223 22480;;;MANUFACTURER
AIRTOUCH;Airtouch Jochen Henrichs;https://air-touch.de;airtouch_small.png;airtouch_medium.png;airtouch_large.png;AiR-touch
DHV Flugschule
Jochen Henrichs
Hans-Böckler-Straße 3
D-56070 KOBLENZ;fly@air-touch.de;;0176 18899666;;OTHER
AIRWAVE;Airwave;http://www.airwave-gliders.com;airwave_F.gif;airwave_s.gif;airwave_Large.gif;Firma Airwave, Villinger GmbH
Gewerbepark 6
A-6142 Mieders;sales@airwave-gliders.com;+43 5225 64455;;+43 5225 64455-66;MANUFACTURER
APCO;Apco;http://www.fly-apco.de/;apco.gif;apco_S.gif;main/apco.gif;APCO Deutschland + Österreich
Stefan Stautner
Prälat-Wellenhofer-Str. 31
81377 München;stefan.stautner@web.de;089-12013673;;;MANUFACTURER
BAUMER;Baumer & Schilling Industrieservice GmbH;http://www.baumer-industrieservice.de;baumer.gif;baumer_S.gif;main/baumer_240.gif;Baumer & Schilling Industrieservice GmbH
Geschäftsführer: Karl-Heinz Baumer
Franzstr. 1
50226 Frechen;info@baumer-industrieservice.de;02234 95422-0;;02234 95422-22;OTHER
BAUMPFLEGE_STINGL;Baumpflege Jochen Stingl;http://www.baumpflege-stingl.de;;baumpflegestingl_medium.png;baumpflegestingl_large.png;Baumpflege Jochen Stingl
Am Forsthaus 10
65719 Hofheim/Ts.;stingl@baumpflege-stingl.de;06192 23288;;06192 296193;OTHER
BAUTEK;Bautek;http://www.bautek.com;bautek_F.gif;bautek_S.gif;main/bautek-logo.gif;bautek Fluggeräte GmbH
Im Gewerbegebiet
D-54344 Kenn;info@bautek.com;+49 (0) 6502-3060;;+49 (0) 6502-7436;MANUFACTURER
BGD;Bruce Goldsmith Design;http://www.flybgd.com;bruce_goldsmith_design_small.png;bruce_goldsmith_design_medium.png;bruce_goldsmith_design_large.png;Hügelweg 12
9400 Wolfsberg
Austria;sales@flybgd.com;+43 4352 35676;;;MANUFACTURER
BRAUNIGER;Flytec Germany GmbH;http://www.flytec.ch;flytec_small.png;flytec_medium.png;flytec_large.png;Flytec Germany GmbH
Dr.-Karl-Slevogt-Straße 5
82362 Weilheim;info@flytec.de;+49 881 64 750;;+ 49 881 45 61;OTHER
CHARLY;Finsterwalder & Charly;http://www.charly-produkte.de/;fwc2008_F.png;fwc_S.png;fwc_L.png;Finsterwalder GmbH
Pagodenburgstr. 8
D-81247 München;info@charly-produkte.de;+49 (0)89 / 811 65 28 0;;+49 (0)89 / 814 41 07;MANUFACTURER
DANKE_GMBH;DANKe Projekt GmbH;http://www.dank-e.de;danke_small.png;danke_medium.png;danke_large.png;DANKe Projekt GmbH
Am Wiesengrund 23
65510 Hünstetten;mboerner@dank-e.de;+49 (6126) 9593666;+49 (6126) 9589379;;OTHER
DUDEK;Dudek Paragliders;http://dudek-paragliders.de;dudek_germany_small.png;dudek_germany_medium.png;dudek_germany_large.png;Dudek Paragliders
Sasse Paragliding GmbH
Zum Waldwinkel 2
31737 Rinteln;;;;;MANUFACTURER
ELSENBACH_DESIGN;Elsenbach Design;http://www.elsenbach-design.de;;elsenbach_design_medium.png;elsenbach_design_large.png;Elsenbach Design
Dipl. Des. Nicole Elsenbach
Südstraße 12
42499 Hückeswagen;mail@elsenbach-design.de;02192/9367948;;02192/9367962;OTHER
FLOW_PARAGLIDERS;Flow Paragliders;https://www.flowparagliders.de;flow_paragliders_small.png;flow_paragliders_medium.png;flow_paragliders_large.png;Dirk Weiss
Höhe Roth 64
57234 Wilnsdorf;info@flowparagliders.de;+491714947917;;;MANUFACTURER
FLY GLEITZEIT;Flugschule;https://www.fly-a-glider.de/;fly_gleitzeitgestaltung_2019_small.png;fly_gleitzeitgestaltung_2019_medium.png;fly_gleitzeitgestaltung_2019_large.png;Robert Ruland
Milostr. 12
54293 Trier;rob@fly-a-glider.de, rob.ruland@web.de;+49 (0) 162 - 420 3000;;;OTHER
FREEX;freeX;http://www.freex.com;freeX.gif;freeX.gif;NULL;NULL;NULL;NULL;NULL;NULL;MANUFACTURER
FREUND;Fahrrad Freund OHG;http://www.fahrrad-freund.com;fahrrad_freund_small.png;fahrrad_freund_medium.png;fahrrad_freund_large.png;Niederhofheimer Str. 49
65719 Hofheim;wfreund@fahrradfreund.com;06192 21482;;;OTHER
FS_FREIFLIEGER;Freiflieger;http://www.freiflieger.eu;fs_freiflieger_small.png;fs_freiflieger_medium.png;fs_freiflieger_large.png;Freiflieger
Hermsdorfer Str. 12
56112 Lahnstein;info@freiflieger.eu;+49 (0)2621-6968018;+49 (0)171-6252331;;OTHER
FS_HIERONDELLE;Flugschule Hirondelle;http://www.fs-hirondelle.de;;fs_hirondelle_medium_2016.png;fs_hirondelle_large_2016.png;Flugschule Hierondelle
Untergasse 27
D-69469 Weinheim;info@fs-hirondelle.de;+49 (0)6341 / 1419165;;;OTHER
FSMITTELRHEIN;Flugschule Mittelrhein;http://www.flugschule-mittelrhein.de;;fsmittelrhein_S.gif;fsmittelrhein_H.gif;Klaus Killian
56170 Bendorf
Schloßstraße 28;info@skys-shop.de;+49 (0)2622-887006;+49 171-9447830;+49 (0)2622-887005;OTHER
GIN;GIN Paragliders;https://www.gingliders.com;gin.gif;gin.gif;gin_large.png;;;;;;MANUFACTURER
GRADIENT;Gradient;http://www.gradient.cx;gradient_F.gif;gradient_S.gif;gradient_H.gif;GRADIENT s.r.o.
Plzenska 130/221
150 00 Praha 5 - Motol
Czech Republic;gradient@gradient.cx;+420 257 216 319;;;MANUFACTURER
HOLIDAY_FLAT_ALMUNECAR;Holiday Flat Almunecar;http://holiday-flat-almunecar.de;holiday_flat_almunecar_small.png;holiday_flat_almunecar_medium.png;holiday_flat_almunecar_large.png;Bärbel Schüller und Martin Droste
Mirker Höhe 52
42109 Wuppertal
Deutschland;info@holiday-flat-almunecar.de;;;;OTHER
ICARO;ICARO Fly & more;http://www.icaro-wings.de;icaro_F.png;icaro_S.png;icaro.gif;ICARO Fly & more Handels GmbH 
Hochriesstraße 1
D-83126 Flintsbach;office@fly-more.com;+49(0)8034 - 909 700;;+49(0)8034 - 909 701;MANUFACTURER
IMO;IMO Car Wash Group;http://www.imo-carwash.com;;imo_F.jpg;imo_S.jpg;IMO Car Wash Group
35-37 Amersham Hill
High Wycombe
Bucks, HP13 6NU;info@imocarwash.com;+44 1494 835 350;;+44 1494 835 399;OTHER
INDEPENDENCE;Independence;http://www.independence.aero/de/produkte/gleitschirme.html;independence_small.png;independence_medium.png;independence_large.png;FlyMarket Flugsport-Zubehör
D-87637 Eisenberg
Pröbstenerstr. 15;info@independence.aero;+49 8364 9833-0;;+49 8364 9833-33;MANUFACTURER
KIM;KiM GmbH;http://www.kimweb.de;kim.png;kim.png;main/KiM_Logo.gif;KiM GmbH
Konstruktion & Internet im Maschinenbau
Kapellenweg 31
D- 66606 St. Wendel;info@kimweb.de;+49 (0)6851 / 80006-0;;+49 (0)6851 / 80006-11;OTHER
LAIBLE;MArtin Laible;;;;;In den Hainbuchen 8
76833 Böchingen;thermik777@yahoo.de;06341/60858;0172/6230195;;OTHER
LINKINGWINGS;LinkingWings;http://www.linkingwings.de;linkingwings_small.png;linkingwings_medium.png;linkingwings_large.png;Dirk Soboll 
Drachenflugschule 
Airborne Europa
Winnertzhof 20, 47799 Krefeld;dirk@linkingwings.de;02151 6444456;0151 12147505;;OTHER
LITTLE_CLOUD;LittleCloud;;little_cloud_small.png;little_cloud_medium.png;little_cloud_large.png;;;;;;MANUFACTURER
MACPARA;Macpara;http://www.macpara.com;MacPara_small.png;MacPara_medium.png;MacPara_large.png;;;;;;MANUFACTURER
MC;maier components;http://maier-components.de;;maier_components_medium.png;maier_components_large.png;Mozartstraße 1A
D-35392 Gießen
phone: +49 641/5599957 (AB)
action@maier-components.de;action@maier-components.de;+49 641/5599957;;;MANUFACTURER
MOSELGLIDER;Moselglider;http://www.moselglider.de;moselglider_S.png;moselglider_S.png;main/Moselglider-Logo.gif;Moselglider 
Michael Müller
Kapellenweg 25
D-54338 Schweich Issel;mmueller@moselglider.de;;0179-7842871;;OTHER
MOYES;Moyes;http://www.moyes.com.au;moyes.gif;moyes.gif;;;info@skyline-flightgear.de;;;;MANUFACTURER
NAVITER;Naviter SeeYou;http://www.naviter.com;seeyou.gif;seeyou_S.gif;main/sponsor_cu.jpg;Naviter d.o.o.
Gradnikova 89
4240 Radovljica
Slowenien;info@naviter.com;;;;OTHER
NIVIUK;Niviuk;http://www.niviuk.com;niviuk_F.gif;niviuk_S.gif;niviuk_H.gif;NIVIUK Gliders
C. Doctor Codina, 29
17165 La Callera de Ter - Girona
Spanien;;+34 972 42 28 78;;+34 972 42 00 86;MANUFACTURER
NOVAP;Nova Paragliders;http://www.nova-wings.com/;nova2019_small.png;nova2019_medium.png;nova2019_large.png;NOVA Vertriebsges.m.b.H
Bernhard Hoefel Str. 14
6020 INNSBRUCK
AUSTRIA;info@nova-wings.com;+43 512 361340;;+43 512 361342;MANUFACTURER
OZONE;Ozone;http://www.flyozone.com;ozone_F.png;ozone_S.png;ozone_H.png;Konny Karlheinz KONRAD
Samerberg;kk@flyozone.com;+49(0)8032 982931;+49(0)171 4691968;;MANUFACTURER
PAPILLON_PARAGLIDERS;Papillon Paragliders;https://papillon-paragliders.com;papillon_paragliders_small.png;papillon_paragliders_medium.png;papillon_paragliders_large.png;PAPILLON PARAGLIDERS
GLEITSCHIRM DIREKT GmbH
Am Sandfeld 29
36163 Poppenhausen (Wasserkuppe);;+49 6654 91 90 55;;;MANUFACTURER
PARASHOP;Parashop at;http://www.parashop.at;;parashop_s.gif;parashop_l.gif;Parashop Kössen 
Hütte 30 
A-6345 Kössen;pier@parashop.at;0043 5375 2425;0043 664 2054321;;OTHER
PARATECH;Paratech;http://www.paratech.ch;paratech_F.gif;paratech_S.gif;main/PARATECH_Slogan_bl_rgb_240.gif;Paratech AG
Schwendetalstrasse 85 
CH-9057 Wasserauen;info@paratech.ch;+41 (0)71 787 30 31;;+41 (0)71 787 30 32;MANUFACTURER
PHI;PHI;Https://Phi-air.com;phi_paragliders_small.png;phi_paragliders_medium.png;phi_paragliders_large.png;Achenseestraße 12
6212 Maurach, Austria
- behind the Rofan cabel car -;info@phi-air.com;+43 5243 93561;;;MANUFACTURER
POWERTRIKE;PowerTrike GmbH;http://www.powertrike.de;powertrike_small.jpg;powertrike_small.jpg;main/powertrike.jpg;PowerTrike GmbH
Siedlung 17
D-67686 Mackenbach;info@powertrike.de;+49(0)6374-4403;;+49(0)6374-4147;OTHER
PRODESIGN;Pro-Design;http://www.pro-design.at;prodesign_F.gif;prodesign_S.gif;prodesign_H.gif;Zimmeterweg 4 
6020 Innsbruck 
Austria / Europe;office@pro-design.at;+43 512 546444;+43 664 5403660;+43 512 546445;MANUFACTURER
SKY;Sky;http://www.sky-cz.com;sky.gif;sky.gif;NULL;NULL;NULL;NULL;NULL;NULL;MANUFACTURER
SKYCLIMBER;SKYclimber;http://www.skyclimber.de;;skyclimber_F.jpg;skyclimber_S.jpg;SKYclimber
Jens Wiesner
Stuttgarter Straße 100
70771 Leinfelden-Echterdingen;jens@skyclimber.de;;0170 2144908;;OTHER
SKYMAN;Skyman;http://www.skyman.aero;skyman_small.png;skyman_medium.png;skyman_large.png;Fly-market Flugsport-Zubehör GmbH & Co. KG
Am Schönebach 3
87637 Eisenberg;;;;;MANUFACTURER
SKYSSHOP;Skys-Shop Sportartikel;http://www.skys-shop.de;;skysshop_S.gif;skysshop_H.gif;Skys-Shop K.M. Killian
Schloßstraße 28
56170 Bendorf;info@skys-shop.de;02622-887006;;02622-887005;OTHER
SKYTRAXX;Skytraxx;https://www.skytraxx.eu/;skytraxx_small.png;skytraxx_medium.png;skytraxx_large.png;Skytraxx GmbH
Im Bildstöckle 5
79822 Titisee-Neustadt;info@skytraxx.eu;+49 (0) 7651 - 3732;;;MANUFACTURER
SKYWALK;Skywalk;http://www.skywalk.info;skywalk.gif;skywalk_S.gif;skywalk_H.gif;skywalk GmbH & Co. KG
Bahnhofstraße 110
83224 GRASSAU;info@skywalk.org;+49 (0) 8641 - 69 48 40;;+49 (0) 8641 - 69 48 11;MANUFACTURER
SOL;SOL Paragliders;http://www.solparagliders.com.br;sol_small.png;sol_medium.png;sol_large.png;SOL SPORTS
Indústria e Comércio Ltda
Cep 89259-565
Jaraguá do Sul/SC - Brasil;;+55 (47) 3275-7753;;+55 (47) 3370-7114;MANUFACTURER
SUPAIR;SupAir;;supair_paragliders_small.png;supair_paragliders_medium.png;supair_paragliders_large.png;;;;;;MANUFACTURER
SWING;Swing;http://www.swing.de;swing.gif;swing_S.gif;main/swing_H.gif;Swing Flugsportgeräte GmbH
An der Leiten 4
82290 Landsberied
Germany;info@swing.de;+49 8141 32 77 888;;+49 8141 32 77 870;MANUFACTURER
THERMIK;Thermik;http://www.thermik.at/;thermik_F.gif;thermik_S.gif;thermik_H.gif;Thermik Verlag e. U. 
Stelzhamerstraße 18
A-4600 Wels;herausgeber@thermik.at;+43 (0)7242/45 224-0;;+43 (0)7242/45 224-22;OTHER
TRIPLE SEVEN;Triple Seven;http://www.living-sky.de;777_small.png;777_medium.png;777_large.png;Triple Seven
Ulica IV. prekomorske 61
5270 Ajdovščina, Slowenien
Tel: +386-40-777313;tim@living-sky.de;+49 (0) 0175-7691521;;;MANUFACTURER
TURNPOINT;TURNPOINT fastline;http://www.turnpoint.de;;turnpoint_S.gif;turnpoint_H.gif;Edlingerstraße 68
D-83071 Stephanskirchen/Baierbach;Info@turnpoint.de;08036 / 908 82 61;;08036 / 908 82 60;OTHER
UP;UP;http://www.up-europe.com;up.png;up_S.gif;up_H.png;UP International GmbH 
Kreuzeckbahnstrasse 7 
D-82467 Garmisch-Partenkirchen;info@up-paragliders.com;+49 (0) 8821/73099-0;;;MANUFACTURER
UTURN;U-Turn;http://www.u-turn.de;uturn_F.gif;uturn_S.gif;uturn_H.gif;U-Turn GmbH
Esslinger Straße 23
D-78054 Villingen-Schwenningen;info@u-turn.de;+49 (0) 7720 - 807 111;;+49 (0) 7720 - 807 112;MANUFACTURER
WILLSWING;Wills Wing;http://www.willswing.com;willswing.gif;willswing.gif;NULL;NULL;NULL;NULL;NULL;NULL;MANUFACTURER
WINDTECH;Windtech;http://www.windtech.es;windtech.gif;windtech.gif;;;windtech-toni@t-online.de;;;;MANUFACTURER
WINGSOFCHANGE;Wings Of Change;http://www.wings-of-change.at;wingsofchange.gif;wingsofchange.gif;NULL;NULL;NULL;NULL;NULL;NULL;MANUFACTURER
WOLKE 9;Gleitschirmreisen Süd Afrika;http://www.wolke9.info;;wolke9_medium.png;wolke9_large.png;Wolf Loehr
Hauptstr.27
D-54538 Kinderbeuern

93 Vorster Ave
Johannesburg/Glenanda
South Africa
+27764222244;info@Wolke9.info;065329557706;01733034107;;OTHER
XCCUP2009;Sponsor des XCCup 2020 werden?;http://www.xccup.net/Static/sponsorensuche.htm;;2010sponsorwerden-k.gif;2010sponsorwerden.gif;Wie werde ich Sponsor des XCCup 2020?;;;;;OTHER
XIX;XIX Paragliders;http://www.xix.ch;xix_F.gif;xix.gif;NULL;NULL;NULL;NULL;NULL;NULL;MANUFACTURER
