﻿HerstellerID;Season;SponsorStatus
ADVANCE;2004;7
ADVANCE;2005;7
ADVANCE;2006;7
ADVANCE;2007;7
ADVANCE;2008;7
ADVANCE;2009;7
ADVANCE;2010;7
ADVANCE;2011;7
ADVANCE;2012;7
ADVANCE;2014;7
ADVANCE;2015;7
ADVANCE;2016;7
ADVANCE;2017;7
ADVANCE;2018;7
ADVANCE;2019;7
ADVANCE;2020;7
ADVANCE;2021;7
AIRCOTEC;2009;7
AIRCOTEC;2010;3
AIRCOTEC;2011;3
AIRCOTEC;2013;7
AIRCROSS;2011;7
AIRCROSS;2012;7
AIRCROSS;2014;7
AIRCROSS;2015;7
AIRCROSS;2016;7
AIRCROSS;2017;7
AIRCROSS;2018;7
AIRCROSS;2019;7
AIRCROSS;2020;7
AIRDESIGN;2019;7
AIRDESIGN;2020;7
AIRDESIGN;2021;7
AIRTOUCH;2018;3
AIRTOUCH;2019;3
AIRTOUCH;2020;3
AIRTOUCH;2021;3
AIRWAVE;2005;7
AIRWAVE;2007;7
AIRWAVE;2008;7
AIRWAVE;2009;7
AIRWAVE;2010;7
AIRWAVE;2011;7
AIRWAVE;2012;7
APCO;2007;7
APCO;2008;7
BAUMER;2008;7
BAUMER;2009;7
BAUMER;2010;3
BAUMER;2011;3
BAUMPFLEGE_STINGL;2016;3
BAUMPFLEGE_STINGL;2017;3
BAUMPFLEGE_STINGL;2018;3
BAUMPFLEGE_STINGL;2019;3
BAUMPFLEGE_STINGL;2020;3
BAUMPFLEGE_STINGL;2021;3
BAUTEK;2006;7
BAUTEK;2007;7
BAUTEK;2008;7
BAUTEK;2009;7
BAUTEK;2012;7
BAUTEK;2013;7
BAUTEK;2014;7
BAUTEK;2015;7
BAUTEK;2016;7
BGD;2020;7
BRAUNIGER;2004;7
BRAUNIGER;2005;7
BRAUNIGER;2006;7
BRAUNIGER;2007;7
BRAUNIGER;2008;7
BRAUNIGER;2009;7
BRAUNIGER;2010;3
BRAUNIGER;2011;3
BRAUNIGER;2012;3
BRAUNIGER;2013;7
BRAUNIGER;2014;7
BRAUNIGER;2015;7
BRAUNIGER;2016;7
BRAUNIGER;2017;7
BRAUNIGER;2018;7
BRAUNIGER;2019;7
CHARLY;2008;7
CHARLY;2009;3
CHARLY;2010;3
CHARLY;2011;3
CHARLY;2013;7
CHARLY;2016;7
DANKE_GMBH;2019;2
DANKE_GMBH;2020;10
DANKE_GMBH;2021;10
ELSENBACH_DESIGN;2013;3
ELSENBACH_DESIGN;2014;3
ELSENBACH_DESIGN;2015;3
ELSENBACH_DESIGN;2016;3
ELSENBACH_DESIGN;2017;3
ELSENBACH_DESIGN;2019;3
ELSENBACH_DESIGN;2020;3
ELSENBACH_DESIGN;2021;3
FLOW_PARAGLIDERS;2020;7
FLY GLEITZEIT;2018;3
FLY GLEITZEIT;2019;7
FLY GLEITZEIT;2020;11
FLY GLEITZEIT;2021;3
FREEX;2006;7
FREUND;2018;3
FREUND;2019;3
FREUND;2020;3
FS_FREIFLIEGER;2017;3
FS_HIERONDELLE;2015;7
FS_HIERONDELLE;2016;3
FS_HIERONDELLE;2017;7
FS_HIERONDELLE;2018;7
FS_HIERONDELLE;2019;15
FS_HIERONDELLE;2020;15
FS_HIERONDELLE;2021;15
FSMITTELRHEIN;2010;3
FSMITTELRHEIN;2011;3
GIN;2020;7
GRADIENT;2009;4
HOLIDAY_FLAT_ALMUNECAR;2016;3
HOLIDAY_FLAT_ALMUNECAR;2018;3
HOLIDAY_FLAT_ALMUNECAR;2019;3
HOLIDAY_FLAT_ALMUNECAR;2020;3
HOLIDAY_FLAT_ALMUNECAR;2021;3
ICARO;2004;7
ICARO;2009;7
ICARO;2010;7
ICARO;2011;7
ICARO;2012;7
ICARO;2014;7
ICARO;2015;7
ICARO;2016;7
ICARO;2017;7
ICARO;2018;7
ICARO;2019;7
IMO;2008;7
INDEPENDENCE;2004;7
INDEPENDENCE;2006;7
INDEPENDENCE;2007;7
INDEPENDENCE;2008;7
INDEPENDENCE;2009;7
INDEPENDENCE;2010;7
INDEPENDENCE;2011;7
INDEPENDENCE;2012;7
INDEPENDENCE;2013;7
INDEPENDENCE;2014;7
INDEPENDENCE;2015;7
INDEPENDENCE;2016;7
INDEPENDENCE;2017;7
INDEPENDENCE;2018;7
INDEPENDENCE;2019;7
INDEPENDENCE;2020;7
INDEPENDENCE;2021;7
KIM;2004;7
KIM;2005;7
KIM;2006;7
KIM;2007;7
LINKINGWINGS;2013;3
MACPARA;2013;7
MACPARA;2014;7
MACPARA;2015;7
MC;2017;3
MC;2018;3
MC;2019;3
MC;2020;3
MC;2021;3
MOSELGLIDER;2004;7
MOSELGLIDER;2005;7
MOSELGLIDER;2006;7
MOSELGLIDER;2007;7
MOSELGLIDER;2008;7
MOSELGLIDER;2009;7
MOSELGLIDER;2010;3
MOSELGLIDER;2011;3
MOSELGLIDER;2012;3
MOSELGLIDER;2013;3
MOSELGLIDER;2014;3
MOSELGLIDER;2015;3
NAVITER;2004;7
NAVITER;2005;7
NAVITER;2006;7
NAVITER;2007;7
NAVITER;2008;7
NAVITER;2019;7
NIVIUK;2009;4
NOVAP;2008;7
NOVAP;2009;4
NOVAP;2010;4
NOVAP;2011;6
NOVAP;2013;7
NOVAP;2019;7
NOVAP;2020;15
NOVAP;2021;7
OZONE;2010;7
OZONE;2011;7
OZONE;2012;7
OZONE;2013;7
OZONE;2014;7
OZONE;2015;7
OZONE;2016;7
OZONE;2017;7
OZONE;2018;7
OZONE;2019;7
OZONE;2020;7
OZONE;2021;7
PARASHOP;2009;7
PARASHOP;2010;3
PARASHOP;2011;3
PARASHOP;2012;3
PARATECH;2004;7
PARATECH;2005;7
PARATECH;2006;7
PARATECH;2007;7
PARATECH;2008;7
PARATECH;2009;7
PARATECH;2010;7
PARATECH;2011;7
PHI;2019;15
PHI;2020;15
PHI;2021;15
POWERTRIKE;2004;7
POWERTRIKE;2005;7
POWERTRIKE;2006;7
POWERTRIKE;2007;7
POWERTRIKE;2008;7
PRODESIGN;2009;7
SKYCLIMBER;2008;7
SKYMAN;2019;7
SKYMAN;2020;7
SKYMAN;2021;7
SKYSSHOP;2008;7
SKYSSHOP;2009;7
SKYSSHOP;2010;3
SKYTRAXX;2018;7
SKYTRAXX;2019;7
SKYWALK;2006;7
SKYWALK;2007;7
SKYWALK;2008;7
SKYWALK;2009;7
SKYWALK;2010;2
SKYWALK;2011;7
SKYWALK;2012;7
SKYWALK;2013;7
SKYWALK;2014;7
SKYWALK;2015;7
SKYWALK;2016;7
SKYWALK;2017;7
SKYWALK;2018;7
SKYWALK;2019;15
SKYWALK;2020;7
SKYWALK;2021;7
SWING;2004;7
SWING;2006;7
SWING;2007;7
SWING;2008;7
SWING;2009;7
SWING;2010;7
SWING;2011;7
SWING;2012;7
SWING;2013;7
SWING;2020;7
SWING;2021;7
THERMIK;2009;3
THERMIK;2010;3
THERMIK;2011;3
THERMIK;2012;3
THERMIK;2013;7
THERMIK;2014;7
THERMIK;2015;7
THERMIK;2019;3
TRIPLE SEVEN;2016;7
TRIPLE SEVEN;2017;7
TRIPLE SEVEN;2018;7
TRIPLE SEVEN;2019;7
TURNPOINT;2009;7
UP;2004;7
UP;2005;7
UP;2007;7
UP;2008;7
UP;2009;7
UP;2010;7
UP;2011;7
UP;2012;7
UP;2019;7
UP;2020;7
UP;2021;7
UTURN;2009;7
UTURN;2010;7
UTURN;2011;7
UTURN;2012;7
UTURN;2014;2
UTURN;2015;2
UTURN;2016;7
UTURN;2017;7
UTURN;2019;7
UTURN;2020;7
UTURN;2021;7
WOLKE 9;2013;3
WOLKE 9;2014;7
WOLKE 9;2015;7
WOLKE 9;2016;7
WOLKE 9;2017;7
WOLKE 9;2018;7
WOLKE 9;2019;7
WOLKE 9;2020;7
WOLKE 9;2021;7
XCCUP2009;2013;3
XCCUP2009;2016;3
XCCUP2009;2017;3
XCCUP2009;2018;7
XCCUP2009;2020;7
XIX;2005;7
